cpu,memory,disk,processes,label
1.2639112758491382,0.7792048982440097,0.0,-0.14073417915219344,1
0.6210789143683124,0.4295005375469846,0.0,-0.1890964400292359,1
0.8782118589606427,-0.30169948936497987,0.0,-0.1890964400292359,1
0.3382326753167505,-0.3652821004008039,0.0,-0.1890964400292359,1
0.646792208827544,-0.7149864610978335,0.0,-0.1890964400292359,1
0.723932092205246,-0.778569072133653,0.0,-0.1890964400292359,1
0.723932092205246,-0.9057342942053009,0.0,-0.1890964400292359,1
0.1325263196428833,-1.1282734328306827,0.0,-0.1890964400292359,1
-0.20174650832714539,-1.0646908217948587,0.0,-0.1890964400292359,1
-1.950250531554991,-1.446186488009798,0.0,-0.1890964400292359,1
-0.9731453421041364,-1.4779777935277076,0.0,-0.1890964400292359,1
-2.490229715198883,-1.31902126593815,0.0,-0.1890964400292359,1
1.2639112758491382,3.2271354231231992,0.0,3.1962618213637373,-1
-0.5103060418379425,-1.255438654902326,0.0,-0.1890964400292359,1
-2.0531037093919244,-1.5733517100814414,0.0,-0.1890964400292359,1
-1.4102713479110986,-1.4779777935277076,0.0,-0.1890964400292359,1
-2.130243592769623,-1.255438654902326,0.0,-0.1890964400292359,1
-1.6931175869626607,-1.446186488009798,0.0,-0.1890964400292359,1
-2.7473626597912135,-1.31902126593815,0.0,-0.1890964400292359,1
-1.7959707647995942,-1.4779777935277076,0.0,-0.1890964400292359,1
-1.9759638260142225,-1.3508125714560644,0.0,-0.1890964400292359,1
-0.12460662494944702,-1.1918560438665067,0.0,-0.1890964400292359,1
-1.4102713479110986,-1.3826038769739741,0.0,-0.1890964400292359,1
-1.487411231288797,-1.1918560438665067,0.0,-0.1890964400292359,1
-0.9988586365633679,-1.446186488009798,0.0,-0.1890964400292359,1
-2.490229715198883,-1.255438654902326,0.0,-0.1890964400292359,1
-2.1816701816880895,-1.3826038769739741,0.0,-0.1890964400292359,1
-1.9245372370957594,-1.2872299604202404,0.0,-0.1890964400292359,1
-0.35602627508254214,-1.255438654902326,0.0,-0.1890964400292359,1
-0.33031298062331055,-1.31902126593815,0.0,-0.1890964400292359,1
-2.078817003851156,-1.1918560438665067,0.0,-0.1890964400292359,1
-1.6159777035849623,-1.3826038769739741,0.0,-0.1890964400292359,1
0.723932092205246,-1.0646908217948587,0.0,-0.16491530959071465,1
-0.40745286400100894,-0.3652821004008039,0.0,-0.16491530959071465,1
1.0582049201752748,-0.23811687832916043,0.0,-0.14073417915219344,1
-0.30459968616407535,0.14337878788577896,0.0,-0.14073417915219344,1
0.8782118589606427,0.5566657596186281,0.0,-0.14073417915219344,1
0.9296384478791095,0.20696139892160292,0.0,-0.14073417915219344,1
0.5182257365313788,0.04800487133204523,0.0,-0.14073417915219344,1
0.41537255869444883,-0.01557773970377875,0.0,-0.14073417915219344,1
0.7753586811237091,0.14337878788577896,0.0,-0.16491530959071465,1
1.135344803552973,0.4930831485828086,0.0,-0.16491530959071465,1
1.1096315090937414,0.5248744541007183,0.0,-0.16491530959071465,1
-0.17603321386791018,0.46129184306489435,0.0,-0.16491530959071465,1
0.029673141805953367,0.3977092320290704,0.0,-0.16491530959071465,1
0.723932092205246,0.3659179265111606,0.0,-0.16491530959071465,1
0.08109973072442016,0.3659179265111606,0.0,-0.16491530959071465,1
0.5696523254498456,0.3341266209932509,0.0,-0.16491530959071465,1
1.1610580980122047,0.2705440099574269,0.0,-0.16491530959071465,1
0.44108585315368043,0.30233531547533665,0.0,-0.16491530959071465,1
1.2124846869306714,0.1751700934036932,0.0,-0.16491530959071465,1
0.9810650367975763,-0.17453426729333646,0.0,-0.16491530959071465,1
1.2639112758491382,3.2271354231231992,0.0,2.374103386454015,-1
0.1325263196428833,-0.1427429617754222,0.0,-0.16491530959071465,1
0.7753586811237091,-0.07916035073960273,0.0,-0.16491530959071465,1
1.2639112758491382,3.2271354231231992,0.0,3.1237184300481733,-1
0.1325263196428833,-0.30169948936497987,0.0,-0.16491530959071465,1
-0.40745286400100894,-0.23811687832916043,0.0,-0.16491530959071465,1
-0.12460662494944702,-0.1427429617754222,0.0,-0.16491530959071465,1
1.006778331256808,-0.11095165625751247,0.0,-0.16491530959071465,1
0.08109973072442016,-0.1427429617754222,0.0,-0.16491530959071465,1
-0.02175344711251343,-0.1427429617754222,0.0,-0.16491530959071465,1
0.029673141805953367,-0.17453426729333646,0.0,-0.1890964400292359,1
-0.4331661584602405,-0.1427429617754222,0.0,-0.1890964400292359,1
0.7753586811237091,-0.1427429617754222,0.0,-0.1890964400292359,1
0.2868060863982837,0.11158748236786921,0.0,-0.1890964400292359,1
1.2639112758491382,3.2271354231231992,0.0,4.090963647589023,-1
1.1096315090937414,0.20696139892160292,0.0,-0.1890964400292359,1
-0.047466741571745005,0.2705440099574269,0.0,-0.1890964400292359,1
0.029673141805953367,0.20696139892160292,0.0,-0.1890964400292359,1
0.2353794974798169,0.20696139892160292,0.0,-0.21327757046775714,1
-0.30459968616407535,0.23875270443951266,0.0,-0.21327757046775714,1
0.5696523254498456,0.20696139892160292,0.0,-0.21327757046775714,1
1.2639112758491382,3.2271354231231992,0.0,2.5917335604007063,-1
-0.45887945291947574,0.23875270443951266,0.0,-0.21327757046775714,1
0.4925124420721472,0.30233531547533665,0.0,-0.21327757046775714,1
0.2610927919390485,0.30233531547533665,0.0,-0.21327757046775714,1
1.2639112758491382,3.2271354231231992,0.0,4.308593821535714,-1
1.0324916257160395,0.20696139892160292,0.0,-0.21327757046775714,1
-0.2531730972456122,0.11158748236786921,0.0,-0.21327757046775714,1
1.2639112758491382,-0.07916035073960273,0.0,-0.21327757046775714,1
1.006778331256808,-0.17453426729333646,0.0,-0.21327757046775714,1
1.006778331256808,-0.23811687832916043,0.0,-0.21327757046775714,1
0.9039251534198743,-0.5560299335082758,0.0,-0.21327757046775714,1
-0.38173956954177735,-0.5560299335082758,0.0,-0.21327757046775714,1
-0.2531730972456122,-0.5242386279903616,0.0,-0.21327757046775714,1
0.1325263196428833,-0.46065601695453756,0.0,-0.21327757046775714,1
0.08109973072442016,-0.5560299335082758,0.0,-0.2616398313447996,1
-0.33031298062331055,-0.5242386279903616,0.0,-0.2616398313447996,1
0.029673141805953367,-0.46065601695453756,0.0,-0.2616398313447996,1
1.2639112758491382,3.2271354231231992,0.0,4.502042865043884,-1
-0.22745980278637695,-0.39707340591871815,0.0,-0.23745870090627838,1
0.2610927919390485,-0.4924473224724518,0.0,-0.2616398313447996,1
-0.33031298062331055,-0.7149864610978335,0.0,-0.2616398313447996,1
-0.02175344711251343,-0.6831951555799193,0.0,-0.2616398313447996,1
0.2868060863982837,-0.5242386279903616,0.0,-0.23745870090627838,1
1.2639112758491382,3.2271354231231992,0.0,2.6400958212777486,-1
0.8782118589606427,-0.23811687832916043,0.0,-0.21327757046775714,1
-0.5874459252156409,-0.26990818384707016,0.0,-0.21327757046775714,1
0.8782118589606427,-0.20632557281124617,0.0,-0.21327757046775714,1
0.9296384478791095,-0.30169948936497987,0.0,-0.21327757046775714,1
0.6210789143683124,-0.1427429617754222,0.0,-0.21327757046775714,1
0.1839529085613501,0.07979617684995496,0.0,-0.21327757046775714,1
1.1096315090937414,0.3659179265111606,0.0,-0.21327757046775714,1
0.1325263196428833,0.2705440099574269,0.0,-0.21327757046775714,1
1.2124846869306714,0.04800487133204523,0.0,-0.21327757046775714,1
1.2639112758491382,3.2271354231231992,0.0,3.776608951888247,-1
-0.35602627508254214,-0.17453426729333646,0.0,-0.21327757046775714,1
0.46679914761291563,-0.20632557281124617,0.0,-0.21327757046775714,1
0.1325263196428833,-0.23811687832916043,0.0,-0.21327757046775714,1
1.2639112758491382,3.2271354231231992,0.0,3.099537299609652,-1
0.2353794974798169,-0.17453426729333646,0.0,-0.21327757046775714,1
-0.22745980278637695,-0.17453426729333646,0.0,-0.21327757046775714,1
0.723932092205246,-0.17453426729333646,0.0,-0.21327757046775714,1
0.44108585315368043,-0.11095165625751247,0.0,-0.21327757046775714,1
0.3382326753167505,-0.20632557281124617,0.0,-0.21327757046775714,1
0.1325263196428833,-0.11095165625751247,0.0,-0.21327757046775714,1
-0.716012397511806,-0.17453426729333646,0.0,-0.21327757046775714,1
0.1839529085613501,-0.20632557281124617,0.0,-0.21327757046775714,1
0.6210789143683124,-0.11095165625751247,0.0,-0.21327757046775714,1
-0.047466741571745005,-0.20632557281124617,0.0,-0.21327757046775714,1
0.6210789143683124,-0.17453426729333646,0.0,-0.21327757046775714,1
0.38965926423521363,-0.1427429617754222,0.0,-0.21327757046775714,1
-0.4331661584602405,-0.11095165625751247,0.0,-0.21327757046775714,1
1.0324916257160395,-0.1427429617754222,0.0,-0.21327757046775714,1
-0.45887945291947574,-0.07916035073960273,0.0,-0.21327757046775714,1
-0.30459968616407535,-0.20632557281124617,0.0,-0.23745870090627838,1
0.826785270042176,-0.23811687832916043,0.0,-0.23745870090627838,1
0.1325263196428833,-0.17453426729333646,0.0,-0.23745870090627838,1
0.5696523254498456,-0.3334907948828941,0.0,-0.2616398313447996,1
0.2868060863982837,-0.30169948936497987,0.0,-0.2616398313447996,1
-0.7674389864302729,-0.26990818384707016,0.0,-0.2616398313447996,1
0.8782118589606427,-0.3334907948828941,0.0,-0.2616398313447996,1
0.3125193808575153,-0.30169948936497987,0.0,-0.2616398313447996,1
0.2353794974798169,-0.26990818384707016,0.0,-0.2616398313447996,1
0.36394596977598204,-0.26990818384707016,0.0,-0.2616398313447996,1
0.029673141805953367,-0.26990818384707016,0.0,-0.2616398313447996,1
-0.12460662494944702,-0.3334907948828941,0.0,-0.2616398313447996,1
0.5696523254498456,-0.3334907948828941,0.0,-0.2616398313447996,1
-0.30459968616407535,-0.30169948936497987,0.0,-0.2616398313447996,1
-0.07318003603098022,-0.30169948936497987,0.0,-0.2616398313447996,1
0.6725055032867792,-0.23811687832916043,0.0,-0.2616398313447996,1
0.46679914761291563,-0.30169948936497987,0.0,-0.2616398313447996,1
0.15823961410211854,-0.30169948936497987,0.0,-0.2616398313447996,1
-0.02175344711251343,-0.26990818384707016,0.0,-0.2616398313447996,1
-0.02175344711251343,-0.17453426729333646,0.0,-0.2616398313447996,1
0.6725055032867792,-0.1427429617754222,0.0,-0.2616398313447996,1
0.20966620302058533,-0.11095165625751247,0.0,-0.2616398313447996,1
0.2353794974798169,-0.1427429617754222,0.0,-0.2616398313447996,1
0.5696523254498456,-0.11095165625751247,0.0,-0.2616398313447996,1
-0.0988933304902118,-0.17453426729333646,0.0,-0.2616398313447996,1
0.6725055032867792,-0.047369045221688486,0.0,-0.2616398313447996,1
-0.07318003603098022,-0.11095165625751247,0.0,-0.2616398313447996,1
-0.20174650832714539,-0.047369045221688486,0.0,-0.2616398313447996,1
-0.047466741571745005,0.04800487133204523,0.0,-0.2616398313447996,1
0.20966620302058533,-0.07916035073960273,0.0,-0.2616398313447996,1
-0.9217187531856695,-0.01557773970377875,0.0,-0.2616398313447996,1
1.2639112758491382,3.2271354231231992,0.0,4.2844126910971925,-1
-0.30459968616407535,-0.01557773970377875,0.0,-0.2616398313447996,1
-0.38173956954177735,0.04800487133204523,0.0,-0.2616398313447996,1
0.8782118589606427,-0.047369045221688486,0.0,-0.2616398313447996,1
0.2353794974798169,-0.01557773970377875,0.0,-0.2616398313447996,1
0.826785270042176,-0.20632557281124617,0.0,-0.2616398313447996,1
1.0324916257160395,-0.5242386279903616,0.0,-0.2616398313447996,1
0.8782118589606427,-0.778569072133653,0.0,-0.2616398313447996,1
1.1096315090937414,-0.8103603776515672,0.0,-0.23745870090627838,1
0.41537255869444883,-0.8103603776515672,0.0,-0.23745870090627838,1
0.1325263196428833,-0.8739429886873912,0.0,-0.23745870090627838,1
0.6725055032867792,-0.9693169052411249,0.0,-0.23745870090627838,1
-0.22745980278637695,-0.9057342942053009,0.0,-0.23745870090627838,1
0.543939030990614,-0.9057342942053009,0.0,-0.23745870090627838,1
-0.45887945291947574,-0.7467777666157432,0.0,-0.23745870090627838,1
-0.20174650832714539,-0.46065601695453756,0.0,-0.23745870090627838,1
1.2639112758491382,3.2271354231231992,0.0,4.453680604166841,-1
0.2610927919390485,-0.7467777666157432,0.0,-0.23745870090627838,1
-0.5103060418379425,-0.6831951555799193,0.0,-0.23745870090627838,1
0.20966620302058533,-0.6831951555799193,0.0,-0.23745870090627838,1
-0.35602627508254214,-0.6514038500620095,0.0,-0.2616398313447996,1
-0.22745980278637695,-0.6514038500620095,0.0,-0.2616398313447996,1
0.41537255869444883,-0.6514038500620095,0.0,-0.2616398313447996,1
-0.40745286400100894,-0.6831951555799193,0.0,-0.2616398313447996,1
-0.5103060418379425,-0.5878212390261855,0.0,-0.2616398313447996,1
0.36394596977598204,-0.6831951555799193,0.0,-0.2616398313447996,1
-0.5617326307564057,-0.6196125445440953,0.0,-0.2616398313447996,1
0.5696523254498456,-0.6831951555799193,0.0,-0.2616398313447996,1
0.029673141805953367,-0.6831951555799193,0.0,-0.2616398313447996,1
0.15823961410211854,-0.6514038500620095,0.0,-0.2616398313447996,1
1.006778331256808,-0.6514038500620095,0.0,-0.2616398313447996,1
-0.1503199194086786,-0.6514038500620095,0.0,-0.2616398313447996,1
-0.17603321386791018,-0.6514038500620095,0.0,-0.2616398313447996,1
-0.22745980278637695,-0.6514038500620095,0.0,-0.2616398313447996,1
-0.4845927473787073,-0.6514038500620095,0.0,-0.2616398313447996,1
0.7753586811237091,-0.6196125445440953,0.0,-0.2616398313447996,1
-0.45887945291947574,-0.5878212390261855,0.0,-0.2616398313447996,1
-0.20174650832714539,-0.5878212390261855,0.0,-0.2616398313447996,1
0.5696523254498456,-0.5878212390261855,0.0,-0.2616398313447996,1
-0.07318003603098022,-0.7467777666157432,0.0,-0.28582096178332084,1
-0.38173956954177735,-0.7149864610978335,0.0,-0.28582096178332084,1
1.006778331256808,-0.7467777666157432,0.0,-0.28582096178332084,1
0.08109973072442016,-0.7467777666157432,0.0,-0.28582096178332084,1
0.5182257365313788,-0.7149864610978335,0.0,-0.28582096178332084,1
0.7753586811237091,-0.7149864610978335,0.0,-0.28582096178332084,1
-0.40745286400100894,-0.7149864610978335,0.0,-0.28582096178332084,1
-0.12460662494944702,-0.6831951555799193,0.0,-0.28582096178332084,1
0.1839529085613501,-0.6831951555799193,0.0,-0.28582096178332084,1
0.029673141805953367,-0.6831951555799193,0.0,-0.28582096178332084,1
0.029673141805953367,-0.7149864610978335,0.0,-0.28582096178332084,1
0.029673141805953367,-0.7149864610978335,0.0,-0.28582096178332084,1
0.5182257365313788,-0.7149864610978335,0.0,-0.28582096178332084,1
0.20966620302058533,-0.7149864610978335,0.0,-0.28582096178332084,1
1.2639112758491382,3.2271354231231992,0.0,2.7368203430318334,-1
-0.45887945291947574,-0.6196125445440953,0.0,-0.28582096178332084,1
0.2353794974798169,-0.6196125445440953,0.0,-0.28582096178332084,1
0.15823961410211854,-0.5560299335082758,0.0,-0.28582096178332084,1
0.6210789143683124,-0.5560299335082758,0.0,-0.28582096178332084,1
0.2868060863982837,-0.5560299335082758,0.0,-0.28582096178332084,1
0.029673141805953367,-0.5560299335082758,0.0,-0.28582096178332084,1
1.2639112758491382,3.2271354231231992,0.0,4.308593821535714,-1
0.5696523254498456,-0.5560299335082758,0.0,-0.28582096178332084,1
-0.02175344711251343,-0.5242386279903616,0.0,-0.28582096178332084,1
0.9553517423383411,-0.4924473224724518,0.0,-0.28582096178332084,1
-0.02175344711251343,-0.4924473224724518,0.0,-0.28582096178332084,1
0.3382326753167505,-0.4924473224724518,0.0,-0.28582096178332084,1
0.6725055032867792,-0.4924473224724518,0.0,-0.28582096178332084,1
-0.45887945291947574,-0.5242386279903616,0.0,-0.28582096178332084,1
0.2353794974798169,-0.5242386279903616,0.0,-0.28582096178332084,1
0.8782118589606427,-0.3334907948828941,0.0,-0.2616398313447996,1
0.826785270042176,-0.26990818384707016,0.0,-0.2616398313447996,1
1.2639112758491382,3.2271354231231992,0.0,2.4224656473310575,-1
0.055386436265184934,-0.4924473224724518,0.0,-0.2616398313447996,1
0.029673141805953367,-0.46065601695453756,0.0,-0.2616398313447996,1
0.6725055032867792,-0.46065601695453756,0.0,-0.2616398313447996,1
0.3382326753167505,-0.46065601695453756,0.0,-0.2616398313447996,1
-0.1503199194086786,-0.46065601695453756,0.0,-0.2616398313447996,1
0.38965926423521363,-0.46065601695453756,0.0,-0.2616398313447996,1
-0.40745286400100894,-0.4924473224724518,0.0,-0.2616398313447996,1
-1.0502852254818347,-0.3652821004008039,0.0,-0.2616398313447996,1
0.5696523254498456,-0.39707340591871815,0.0,-0.2616398313447996,1
-0.1503199194086786,0.016213565814135498,0.0,-0.2616398313447996,1
0.1839529085613501,0.04800487133204523,0.0,-0.2616398313447996,1
0.7496453866644776,-0.39707340591871815,0.0,-0.2616398313447996,1
-0.17603321386791018,-0.3652821004008039,0.0,-0.2616398313447996,1
0.1325263196428833,-0.3652821004008039,0.0,-0.2616398313447996,1
0.08109973072442016,-0.3652821004008039,0.0,-0.2616398313447996,1
0.5182257365313788,-0.39707340591871815,0.0,-0.2616398313447996,1
0.36394596977598204,-0.3334907948828941,0.0,-0.2616398313447996,1
1.2639112758491382,3.2271354231231992,0.0,4.04260138671198,-1
0.2868060863982837,-0.26990818384707016,0.0,-0.2616398313447996,1
0.41537255869444883,-0.3334907948828941,0.0,-0.2616398313447996,1
-0.38173956954177735,-0.26990818384707016,0.0,-0.2616398313447996,1
0.41537255869444883,-0.26990818384707016,0.0,-0.2616398313447996,1
0.38965926423521363,-0.3334907948828941,0.0,-0.2616398313447996,1
1.2639112758491382,3.2271354231231992,0.0,2.4224656473310575,-1
0.5696523254498456,-0.30169948936497987,0.0,-0.2616398313447996,1
-0.8188655753487359,-0.30169948936497987,0.0,-0.2616398313447996,1
0.08109973072442016,-0.3652821004008039,0.0,-0.2616398313447996,1
0.8782118589606427,-0.42886471143662785,0.0,-0.2616398313447996,1
-0.17603321386791018,-0.5242386279903616,0.0,-0.28582096178332084,1
0.3382326753167505,-0.4924473224724518,0.0,-0.28582096178332084,1
0.029673141805953367,-0.5560299335082758,0.0,-0.28582096178332084,1
0.15823961410211854,-0.5560299335082758,0.0,-0.28582096178332084,1
0.6210789143683124,-0.5242386279903616,0.0,-0.28582096178332084,1
-0.12460662494944702,-0.5560299335082758,0.0,-0.28582096178332084,1
-0.30459968616407535,-0.5242386279903616,0.0,-0.28582096178332084,1
1.2639112758491382,3.2271354231231992,0.0,3.6315221692571193,-1
-0.27888639170484375,-0.46065601695453756,0.0,-0.28582096178332084,1
0.41537255869444883,-0.46065601695453756,0.0,-0.28582096178332084,1
0.1325263196428833,-0.5242386279903616,0.0,-0.28582096178332084,1
-0.38173956954177735,-0.42886471143662785,0.0,-0.28582096178332084,1
0.6725055032867792,-0.4924473224724518,0.0,-0.28582096178332084,1
-0.35602627508254214,-0.3652821004008039,0.0,-0.31000209222184205,1
-0.20174650832714539,-0.39707340591871815,0.0,-0.31000209222184205,1
0.2610927919390485,-0.3652821004008039,0.0,-0.31000209222184205,1
0.5696523254498456,-0.42886471143662785,0.0,-0.31000209222184205,1
0.826785270042176,-0.39707340591871815,0.0,-0.31000209222184205,1
0.3125193808575153,-0.23811687832916043,0.0,-0.31000209222184205,1
0.08109973072442016,-0.23811687832916043,0.0,-0.31000209222184205,1
-0.07318003603098022,-0.23811687832916043,0.0,-0.31000209222184205,1
0.1839529085613501,-0.30169948936497987,0.0,-0.31000209222184205,1
0.826785270042176,-0.3334907948828941,0.0,-0.31000209222184205,1
0.8782118589606427,-0.07916035073960273,0.0,-0.31000209222184205,1
0.1839529085613501,0.04800487133204523,0.0,-0.31000209222184205,1
0.723932092205246,0.14337878788577896,0.0,-0.31000209222184205,1
0.9039251534198743,-0.17453426729333646,0.0,-0.31000209222184205,1
0.6210789143683124,-0.30169948936497987,0.0,-0.31000209222184205,1
0.029673141805953367,-0.20632557281124617,0.0,-0.31000209222184205,1
1.2639112758491382,3.2271354231231992,0.0,4.308593821535714,-1
0.5182257365313788,-0.23811687832916043,0.0,-0.31000209222184205,1
0.7496453866644776,-0.01557773970377875,0.0,-0.28582096178332084,1
0.723932092205246,-0.01557773970377875,0.0,-0.28582096178332084,1
0.4925124420721472,-0.047369045221688486,0.0,-0.28582096178332084,1
-0.22745980278637695,-0.07916035073960273,0.0,-0.28582096178332084,1
0.46679914761291563,-0.047369045221688486,0.0,-0.28582096178332084,1
0.46679914761291563,-0.07916035073960273,0.0,-0.28582096178332084,1
1.1096315090937414,-0.047369045221688486,0.0,-0.28582096178332084,1
0.723932092205246,-0.01557773970377875,0.0,-0.28582096178332084,1
0.5696523254498456,-0.01557773970377875,0.0,-0.28582096178332084,1
0.5182257365313788,-0.01557773970377875,0.0,-0.28582096178332084,1
0.9553517423383411,-0.01557773970377875,0.0,-0.28582096178332084,1
-0.0988933304902118,-0.047369045221688486,0.0,-0.28582096178332084,1
0.7753586811237091,-0.01557773970377875,0.0,-0.28582096178332084,1
0.9296384478791095,-0.047369045221688486,0.0,-0.28582096178332084,1
0.2353794974798169,0.07979617684995496,0.0,-0.28582096178332084,1
-0.40745286400100894,0.3341266209932509,0.0,-0.28582096178332084,1
1.0582049201752748,0.23875270443951266,0.0,-0.28582096178332084,1
0.6725055032867792,-0.047369045221688486,0.0,-0.28582096178332084,1
0.7753586811237091,-0.01557773970377875,0.0,-0.28582096178332084,1
0.055386436265184934,-0.01557773970377875,0.0,-0.28582096178332084,1
0.2353794974798169,0.07979617684995496,0.0,-0.28582096178332084,1
0.8782118589606427,0.11158748236786921,0.0,-0.28582096178332084,1
0.9553517423383411,0.11158748236786921,0.0,-0.28582096178332084,1
-0.40745286400100894,0.30233531547533665,0.0,-0.28582096178332084,1
0.1325263196428833,0.5566657596186281,0.0,-0.28582096178332084,1
0.9296384478791095,0.5566657596186281,0.0,-0.28582096178332084,1
1.2639112758491382,3.2271354231231992,0.0,2.7610014734703547,-1
1.1096315090937414,0.07979617684995496,0.0,-0.28582096178332084,1
1.006778331256808,0.1751700934036932,0.0,-0.28582096178332084,1
1.2124846869306714,0.23875270443951266,0.0,-0.28582096178332084,1
0.08109973072442016,0.3977092320290704,0.0,-0.28582096178332084,1
1.2124846869306714,0.07979617684995496,0.0,-0.31000209222184205,1
1.0582049201752748,0.14337878788577896,0.0,-0.31000209222184205,1
1.0324916257160395,0.14337878788577896,0.0,-0.31000209222184205,1
-0.9217187531856695,0.30233531547533665,0.0,-0.31000209222184205,1
0.2353794974798169,-0.1427429617754222,0.0,-0.31000209222184205,1
1.0582049201752748,-0.047369045221688486,0.0,-0.31000209222184205,1
1.2639112758491382,-0.23811687832916043,0.0,-0.31000209222184205,1
1.006778331256808,-0.20632557281124617,0.0,-0.31000209222184205,1
0.6725055032867792,-0.26990818384707016,0.0,-0.31000209222184205,1
1.2124846869306714,-0.3334907948828941,0.0,-0.31000209222184205,1
0.723932092205246,-0.23811687832916043,0.0,-0.31000209222184205,1
0.723932092205246,-0.17453426729333646,0.0,-0.31000209222184205,1
1.2124846869306714,-0.20632557281124617,0.0,-0.31000209222184205,1
0.723932092205246,-0.23811687832916043,0.0,-0.31000209222184205,1
0.1839529085613501,-0.17453426729333646,0.0,-0.31000209222184205,1
1.2124846869306714,-0.1427429617754222,0.0,-0.31000209222184205,1
1.0839182146345063,0.04800487133204523,0.0,-0.31000209222184205,1
1.1610580980122047,0.04800487133204523,0.0,-0.31000209222184205,1
0.9296384478791095,0.04800487133204523,0.0,-0.31000209222184205,1
1.1610580980122047,-0.1427429617754222,0.0,-0.31000209222184205,1
0.7753586811237091,-0.1427429617754222,0.0,-0.31000209222184205,1
0.826785270042176,-0.17453426729333646,0.0,-0.31000209222184205,1
1.2639112758491382,3.2271354231231992,0.0,3.679884430134162,-1
1.1610580980122047,0.07979617684995496,0.0,-0.31000209222184205,1
0.723932092205246,0.04800487133204523,0.0,-0.31000209222184205,1
1.0324916257160395,0.11158748236786921,0.0,-0.31000209222184205,1
0.8782118589606427,0.11158748236786921,0.0,-0.31000209222184205,1
0.826785270042176,-0.11095165625751247,0.0,-0.31000209222184205,1
0.9039251534198743,0.04800487133204523,0.0,-0.31000209222184205,1
0.723932092205246,0.1751700934036932,0.0,-0.31000209222184205,1
0.723932092205246,0.14337878788577896,0.0,-0.3341832226603633,1
1.2639112758491382,-0.07916035073960273,0.0,-0.3341832226603633,1
1.0324916257160395,-0.17453426729333646,0.0,-0.3341832226603633,1
0.2610927919390485,-0.17453426729333646,0.0,-0.3341832226603633,1
1.2639112758491382,3.2271354231231992,0.0,3.0511750387326098,-1
0.08109973072442016,-0.30169948936497987,0.0,-0.3341832226603633,1
0.2868060863982837,-0.26990818384707016,0.0,-0.3341832226603633,1
-0.40745286400100894,0.04800487133204523,0.0,-0.31000209222184205,1
-2.1816701816880895,0.04800487133204523,0.0,-0.31000209222184205,1
-1.3845580534518636,0.016213565814135498,0.0,-0.31000209222184205,1
-0.7674389864302729,-0.047369045221688486,0.0,-0.31000209222184205,1
1.0839182146345063,-0.047369045221688486,0.0,-0.31000209222184205,1
0.5696523254498456,-0.047369045221688486,0.0,-0.31000209222184205,1
0.826785270042176,-0.07916035073960273,0.0,-0.31000209222184205,1
0.5182257365313788,-0.07916035073960273,0.0,-0.31000209222184205,1
-1.7188308814218922,0.016213565814135498,0.0,-0.31000209222184205,1
1.2639112758491382,3.2271354231231992,0.0,3.3413486039948643,-1
0.029673141805953367,-0.11095165625751247,0.0,-0.31000209222184205,1
-2.2845233595250196,0.016213565814135498,0.0,-0.31000209222184205,1
-1.538837820207264,-0.047369045221688486,0.0,-0.31000209222184205,1
1.2639112758491382,3.2271354231231992,0.0,3.9216957345193744,-1
-1.0502852254818347,-0.047369045221688486,0.0,-0.31000209222184205,1
-1.4102713479110986,0.04800487133204523,0.0,-0.31000209222184205,1
-1.2045649922372315,-0.01557773970377875,0.0,-0.31000209222184205,1
-0.7931522808895044,-0.01557773970377875,0.0,-0.31000209222184205,1
-2.233096770606553,0.04800487133204523,0.0,-0.31000209222184205,1
-0.716012397511806,0.016213565814135498,0.0,-0.31000209222184205,1
-1.4616979368295617,-0.01557773970377875,0.0,-0.31000209222184205,1
0.2353794974798169,0.07979617684995496,0.0,-0.31000209222184205,1
0.3382326753167505,-0.047369045221688486,0.0,-0.2616398313447996,1
-0.02175344711251343,0.07979617684995496,0.0,-0.16491530959071465,1
1.2639112758491382,3.2271354231231992,0.0,4.526223995482405,-1
-1.2559915811556983,0.14337878788577896,0.0,-0.16491530959071465,1
-3.081635487761246,0.11158748236786921,0.0,-0.16491530959071465,1
-0.45887945291947574,0.04800487133204523,0.0,-0.16491530959071465,1
-1.0245719310226031,0.04800487133204523,0.0,-0.21327757046775714,1
-1.538837820207264,0.04800487133204523,0.0,-0.21327757046775714,1
0.2353794974798169,0.07979617684995496,0.0,-0.23745870090627838,1
-1.5645511146664954,-0.17453426729333646,0.0,-0.23745870090627838,1
-1.4616979368295617,-0.01557773970377875,0.0,-0.23745870090627838,1
-0.716012397511806,0.07979617684995496,0.0,-0.23745870090627838,1
-0.02175344711251343,-0.1427429617754222,0.0,-0.23745870090627838,1
-0.9217187531856695,0.016213565814135498,0.0,-0.23745870090627838,1
-0.07318003603098022,0.07979617684995496,0.0,-0.23745870090627838,1
-0.9731453421041364,-0.01557773970377875,0.0,-0.23745870090627838,1
-0.17603321386791018,-0.07916035073960273,0.0,-0.3341832226603633,1
-2.027390414932689,0.07979617684995496,0.0,-0.3341832226603633,1
0.7753586811237091,-0.07916035073960273,0.0,-0.3341832226603633,1
0.3125193808575153,-0.1427429617754222,0.0,-0.35836435309888454,1
-2.027390414932689,0.016213565814135498,0.0,-0.35836435309888454,1
-1.1017118144003015,-0.047369045221688486,0.0,-0.35836435309888454,1
-0.27888639170484375,-0.07916035073960273,0.0,-0.35836435309888454,1
-2.310236653984255,0.04800487133204523,0.0,-0.35836435309888454,1
-0.45887945291947574,-0.1427429617754222,0.0,-0.35836435309888454,1
-2.8759291320873785,0.016213565814135498,0.0,-0.35836435309888454,1
1.2639112758491382,3.2271354231231992,0.0,4.04260138671198,-1
-0.9217187531856695,-0.01557773970377875,0.0,-0.35836435309888454,1
-2.233096770606553,0.016213565814135498,0.0,-0.35836435309888454,1
-1.3074181700741652,0.11158748236786921,0.0,-0.3825454835374058,1
0.44108585315368043,0.016213565814135498,0.0,-0.3825454835374058,1
-0.4331661584602405,-0.1427429617754222,0.0,-0.3825454835374058,1
-1.6159777035849623,0.016213565814135498,0.0,-0.3825454835374058,1
1.2639112758491382,3.2271354231231992,0.0,3.6315221692571193,-1
-2.361663242902718,0.016213565814135498,0.0,-0.3825454835374058,1
-1.667404292503429,0.016213565814135498,0.0,-0.3825454835374058,1
-2.001677120473458,-0.11095165625751247,0.0,-0.3825454835374058,1
-1.538837820207264,0.016213565814135498,0.0,-0.406726613975927,1
-0.4845927473787073,0.016213565814135498,0.0,-0.406726613975927,1
-2.3873765373619533,0.07979617684995496,0.0,-0.406726613975927,1
-0.9474320476449012,-0.01557773970377875,0.0,-0.406726613975927,1
1.2639112758491382,3.2271354231231992,0.0,3.075356169171131,-1
-1.0759985199410664,0.11158748236786921,0.0,-0.406726613975927,1
-0.716012397511806,-0.11095165625751247,0.0,-0.406726613975927,1
-2.258810065065788,0.016213565814135498,0.0,-0.406726613975927,1
-0.8702921642672028,0.14337878788577896,0.0,-0.406726613975927,1
0.7753586811237091,0.016213565814135498,0.0,-0.406726613975927,1
-1.0759985199410664,-0.11095165625751247,0.0,-0.406726613975927,1
-1.9245372370957594,0.07979617684995496,0.0,-0.406726613975927,1
0.3125193808575153,0.016213565814135498,0.0,-0.406726613975927,1
1.2639112758491382,3.2271354231231992,0.0,2.1081109516302816,-1
-2.7473626597912135,0.04800487133204523,0.0,-0.406726613975927,1
0.5182257365313788,0.016213565814135498,0.0,-0.406726613975927,1
-1.3588447589926318,0.14337878788577896,0.0,-0.406726613975927,1
-1.898823942636524,0.07979617684995496,0.0,-0.406726613975927,1
1.2639112758491382,3.2271354231231992,0.0,3.7524278214497255,-1
-1.8731106481772926,0.11158748236786921,0.0,-0.406726613975927,1
0.44108585315368043,0.07979617684995496,0.0,-0.406726613975927,1
-1.5131245257480286,0.14337878788577896,0.0,-0.406726613975927,1
1.2639112758491382,3.2271354231231992,0.0,3.268805212679301,-1
0.1325263196428833,-0.01557773970377875,0.0,-0.406726613975927,1
-2.6187961874950485,0.11158748236786921,0.0,-0.406726613975927,1
-1.6416909980441938,0.07979617684995496,0.0,-0.406726613975927,1
0.2610927919390485,0.04800487133204523,0.0,-0.406726613975927,1
-2.8759291320873785,0.1751700934036932,0.0,-0.406726613975927,1
-1.4616979368295617,0.11158748236786921,0.0,-0.406726613975927,1
-0.17603321386791018,0.07979617684995496,0.0,-0.406726613975927,1
-2.4645164207396517,0.1751700934036932,0.0,-0.406726613975927,1
-0.6131592196748724,-0.01557773970377875,0.0,-0.406726613975927,1
0.826785270042176,-0.01557773970377875,0.0,-0.406726613975927,1
-1.9759638260142225,0.14337878788577896,0.0,-0.406726613975927,1
-0.716012397511806,0.016213565814135498,0.0,-0.406726613975927,1
0.36394596977598204,0.04800487133204523,0.0,-0.406726613975927,1
-1.7445441758811273,0.1751700934036932,0.0,-0.406726613975927,1
-1.1017118144003015,0.2705440099574269,0.0,-0.406726613975927,1
-0.17603321386791018,0.07979617684995496,0.0,-0.406726613975927,1
1.2639112758491382,3.2271354231231992,0.0,3.6557032996956407,-1
1.2639112758491382,3.2271354231231992,0.0,3.3655297344333857,-1
0.6725055032867792,0.016213565814135498,0.0,-0.406726613975927,1
1.0582049201752748,-0.1427429617754222,0.0,-0.406726613975927,1
0.46679914761291563,-0.3334907948828941,0.0,-0.406726613975927,1
1.2639112758491382,3.2271354231231992,0.0,2.8093637343473974,-1
0.3125193808575153,-0.6831951555799193,0.0,-0.406726613975927,1
-2.0531037093919244,-0.6514038500620095,0.0,-0.406726613975927,1
-2.567369598576585,-0.4924473224724518,0.0,-0.406726613975927,1
0.3382326753167505,-0.5878212390261855,0.0,-0.406726613975927,1
0.41537255869444883,-0.6514038500620095,0.0,-0.406726613975927,1
-1.1017118144003015,-0.6196125445440953,0.0,-0.406726613975927,1
-0.1503199194086786,-0.6831951555799193,0.0,-0.406726613975927,1
-2.0531037093919244,-0.5878212390261855,0.0,-0.406726613975927,1
0.029673141805953367,-0.6196125445440953,0.0,-0.406726613975927,1
-2.258810065065788,-0.5242386279903616,0.0,-0.406726613975927,1
-1.590264409125727,-0.5878212390261855,0.0,-0.406726613975927,1
-0.35602627508254214,-0.6831951555799193,0.0,-0.406726613975927,1
-0.7674389864302729,-0.6831951555799193,0.0,-0.406726613975927,1
-2.8502158376281472,-0.5878212390261855,0.0,-0.406726613975927,1
-0.8188655753487359,-0.42886471143662785,0.0,-0.406726613975927,1
-0.0988933304902118,-0.5878212390261855,0.0,-0.406726613975927,1
1.2639112758491382,3.2271354231231992,0.0,3.220442951802258,-1
-2.8245025431689155,-0.42886471143662785,0.0,-0.406726613975927,1
-0.6131592196748724,-0.5878212390261855,0.0,-0.406726613975927,1
0.46679914761291563,-0.5878212390261855,0.0,-0.406726613975927,1
0.723932092205246,-0.6514038500620095,0.0,-0.406726613975927,1
-1.4102713479110986,-0.4924473224724518,0.0,-0.406726613975927,1
-0.7931522808895044,-0.5242386279903616,0.0,-0.406726613975927,1
-1.4616979368295617,-0.5560299335082758,0.0,-0.406726613975927,1
-1.950250531554991,-0.42886471143662785,0.0,-0.406726613975927,1
-0.5103060418379425,-0.5560299335082758,0.0,-0.406726613975927,1
-1.6931175869626607,-0.5560299335082758,0.0,-0.406726613975927,1
-1.2559915811556983,-0.4924473224724518,0.0,-0.406726613975927,1
1.2639112758491382,3.2271354231231992,0.0,3.4138919953104283,-1
1.2639112758491382,3.2271354231231992,0.0,2.66427695171627,-1
-0.6902991030525708,-0.26990818384707016,0.0,-0.3825454835374058,1
-0.8702921642672028,-0.3652821004008039,0.0,-0.3825454835374058,1
-0.07318003603098022,-0.3334907948828941,0.0,-0.3825454835374058,1
-1.0245719310226031,-0.30169948936497987,0.0,-0.3825454835374058,1
1.2639112758491382,3.2271354231231992,0.0,3.292986343117822,-1
-0.20174650832714539,-0.26990818384707016,0.0,-0.3825454835374058,1
-2.2845233595250196,-0.26990818384707016,0.0,-0.3825454835374058,1
-2.027390414932689,-0.1427429617754222,0.0,-0.3825454835374058,1
0.15823961410211854,-0.23811687832916043,0.0,-0.3825454835374058,1
-2.130243592769623,-0.20632557281124617,0.0,-0.3825454835374058,1
